technology,finance management,services,trading and investments,security,planning,lending,data analytics,payment services,risk management,blockchain,insurance
automation,equity,banking,profitability,compliance,acquisition,underbanked,analysis,micropayments,fraud,dlt,ledger
ai,revenue,AWS,share,fraudulent,shareholders,fund,analytics,emv,financial risk,blockchain,insurtechs
cloud,crowdfunding,saas,tax,cyberinsecurity,agile,mortgage,metadata,payment schemes,financial crisis,cryptocurrency,life insurance
networks,audit,dtcc,tradeshift,cybersecurity,performance,mutfund,prediction,global payment,risk capital,smart contract,
devops,asset,software,stocks,authentication,accuracy,economy,statistics,payment solution,risk associated,,
digitization,trade,bitpay,equity,securitization,provisioning,debt,algorithmic,,,,
.net,cryptocurrency,development,taxation,validation,"technological advancements	",lender,big data,,,,
java,sale,operations,transaction,security,"market infrastructure	",lend,machine learning,,,,
api,regulatory,kba,retail,regulatory governance,"business model	",banked,data source,,,,
biometrics,capital,pos,trading,cyber attack,"trading strategy	",lending platform,,,,,
cryptography,overcapitalization,manufacturing,investment,regulatory compliance,"process externalization	",,,,,,
framework,taxation,reporting,investment management,coco bonds,supply chain management,,,,,,
sql,hedge,cloud,funding platform,identity transaction,,,,,,,
hacking,monetizing,fis,,,,,,,,,
digitalization,fidelity,optimization,,,,,,,,,
visualizations,finance,digital banking,,,,,,,,,
techcrunch,fintech,retail banking,,,,,,,,,
fintech,bitcoin,financial services,,,,,,,,,
digital,legal entity,product service,,,,,,,,,
aml,wealth management,financial product,,,,,,,,,
ecosystem,capital raising,mobile payment,,,,,,,,,
dlt,financial product,global payment,,,,,,,,,
sap,capital market,,,,,,,,,,
regulatory,financial system,,,,,,,,,,
internet-of-things,,,,,,,,,,,
machine learning,,,,,,,,,,,
artificial intelligence,,,,,,,,,,,
business intelligence,,,,,,,,,,,
cognitive computing,,,,,,,,,,,
financial technology,,,,,,,,,,,
ledger technology,,,,,,,,,,,
cloud based,,,,,,,,,,,
automation focused,,,,,,,,,,,
advanced machine learning,,,,,,,,,,,
process automation tools,,,,,,,,,,,
anti money laundering,,,,,,,,,,,
etl,,,,,,,,,,,
